               epoch,      train/box_loss,      train/obj_loss,      train/cls_loss,   metrics/precision,      metrics/recall,     metrics/mAP_0.5,metrics/mAP_0.5:0.95,        val/box_loss,        val/obj_loss,        val/cls_loss,               x/lr0,               x/lr1,               x/lr2
                   0,            0.079108,            0.027529,            0.027563,             0.09109,             0.16288,            0.080251,            0.022311,            0.067369,            0.023104,            0.027556,           0.0033286,           0.0033286,            0.070043
                   1,            0.055384,            0.022045,            0.021195,             0.46023,             0.33897,             0.17249,            0.047477,            0.055284,            0.018463,            0.021706,            0.003664,            0.003664,            0.037045
